task_raw_id,task_id
a9_Task-1027_ft_0,32910279
a9_Task-1116_ft_0,32911169
a9_Task-1128_ft_0,32911289
a9_Task-1129_ft_0,32911299
a9_Task-1249_ft_0,32912499
a9_Task-1302_ft_0,32913029
a9_Task-1514_ft_0,32915149
a9_Task-1794_ft_0,32917949
a9_Task-1889_ft_0,32918899
a9_Task-1900_ft_0,32919009
a9_Task-1957_ft_0,32919579
a9_Task-1958_ft_0,32919589
a9_Task-2063_ft_0,32920639
a9_Task-2211_ft_0,32922119
a9_Task-2327_ft_0,32923279
a9_Task-242_ft_0,3292429
a9_Task-3363_ft_0,32933639
a9_Task-3497_ft_0,32934979
a9_Task-3533_ft_0,32935339
a9_Task-3637_ft_0,32936379
a9_Task-626_ft_0,3296269
a9_Task-661_ft_0,3296619
a9_Task-717_ft_0,3297179
a9_Task-838_ft_0,3298389
bi_Task-101_ft_0,3701019
bi_Task-1013_ft_0,37010139
bi_Task-102_ft_0,3701029
bi_Task-1028_ft_0,37010289
bi_Task-103_ft_0,3701039
bi_Task-106_ft_0,3701069
bi_Task-107_ft_0,3701079
bi_Task-1078_ft_0,37010789
bi_Task-1091_ft_0,37010919
bi_Task-11_ft_0,370119
bi_Task-111_ft_0,3701119
bi_Task-1186_ft_0,37011869
bi_Task-119_ft_0,3701199
bi_Task-1209_ft_0,37012099
bi_Task-130_ft_0,3701309
bi_Task-1364_ft_0,37013649
bi_Task-1373_ft_0,37013739
bi_Task-1449_ft_0,37014499
bi_Task-1765_ft_0,37017659
bi_Task-1802_ft_0,37018029
bi_Task-1909_ft_0,37019099
bi_Task-2022_ft_0,37020229
bi_Task-2164_ft_0,37021649
bi_Task-2177_ft_0,37021779
bi_Task-22_ft_0,370229
bi_Task-2208_ft_0,37022089
bi_Task-2275_ft_0,37022759
bi_Task-2296_ft_0,37022969
bi_Task-2330_ft_0,37023309
bi_Task-2338_ft_0,37023389
bi_Task-2422_ft_0,37024229
bi_Task-245_ft_0,3702459
bi_Task-2452_ft_0,37024529
bi_Task-255_ft_0,3702559
bi_Task-2630_ft_0,37026309
bi_Task-2645_ft_0,37026459
bi_Task-2847_ft_0,37028479
bi_Task-2853_ft_0,37028539
bi_Task-2856_ft_0,37028569
bi_Task-2966_ft_0,37029669
bi_Task-2987_ft_0,37029879
bi_Task-317_ft_0,3703179
bi_Task-322_ft_0,3703229
bi_Task-3244_ft_0,37032449
bi_Task-3386_ft_0,37033869
bi_Task-3448_ft_0,37034489
bi_Task-3484_ft_0,37034849
bi_Task-3485_ft_0,37034859
bi_Task-3685_ft_0,37036859
bi_Task-3775_ft_0,37037759
bi_Task-3931_ft_0,37039319
bi_Task-41_ft_0,370419
bi_Task-512_ft_0,3705129
bi_Task-549_ft_0,3705499
bi_Task-641_ft_0,3706419
bi_Task-711_ft_0,3707119
bi_Task-724_ft_0,3707249
bi_Task-83_ft_0,370839
bi_Task-87_ft_0,370879
bi_Task-871_ft_0,3708719
bi_Task-90_ft_0,370909
bi_Task-92_ft_0,370929
bi_Task-94_ft_0,370949
bi_Task-95_ft_0,370959
bi_Task-97_ft_0,370979
bi_Task-989_ft_0,3709899
bi_Task-99_ft_0,370999
po_Task-2527_ft_0,82425279
po_Task-2543_ft_0,82425439
po_Task-2593_ft_0,82425939
po_Task-2629_ft_0,82426299
po_Task-2631_ft_0,82426319
po_Task-2684_ft_0,82426849
po_Task-2708_ft_0,82427089
po_Task-2739_ft_0,82427399
po_Task-2742_ft_0,82427429
po_Task-2763_ft_0,82427639
po_Task-2767_ft_0,82427679
po_Task-2845_ft_0,82428459
po_Task-2848_ft_0,82428489
po_Task-2857_ft_0,82428579
po_Task-2861_ft_0,82428619
po_Task-2892_ft_0,82428929
po_Task-2971_ft_0,82429719
po_Task-2993_ft_0,82429939
po_Task-2998_ft_0,82429989
po_Task-3022_ft_0,82430229
po_Task-3025_ft_0,82430259
po_Task-3028_ft_0,82430289
po_Task-3044_ft_0,82430449
po_Task-3105_ft_0,82431059
po_Task-3111_ft_0,82431119
po_Task-3112_ft_0,82431129
po_Task-3141_ft_0,82431419
po_Task-3148_ft_0,82431489
po_Task-3171_ft_0,82431719
po_Task-3173_ft_0,82431739
po_Task-3185_ft_0,82431859
po_Task-3227_ft_0,82432279
po_Task-3228_ft_0,82432289
po_Task-3229_ft_0,82432299
po_Task-3231_ft_0,82432319
po_Task-3232_ft_0,82432329
po_Task-3281_ft_0,82432819
po_Task-3333_ft_0,82433339
po_Task-3356_ft_0,82433569
po_Task-3362_ft_0,82433629
po_Task-3365_ft_0,82433659
po_Task-3376_ft_0,82433769
po_Task-3429_ft_0,82434299
po_Task-3471_ft_0,82434719
po_Task-3472_ft_0,82434729
po_Task-3489_ft_0,82434899
po_Task-3499_ft_0,82434999
po_Task-3515_ft_0,82435159
po_Task-3570_ft_0,82435709
po_Task-3606_ft_0,82436069
po_Task-3629_ft_0,82436299
po_Task-3731_ft_0,82437319
po_Task-3785_ft_0,82437859
po_Task-3878_ft_0,82438789
po_Task-3879_ft_0,82438799
po_Task-3882_ft_0,82438829
po_Task-3892_ft_0,82438929
po_Task-3934_ft_0,82439349
po_Task-3950_ft_0,82439509
po_Task-3956_ft_0,82439569
po_Task-3966_ft_0,82439669
sm_Task-1035_ft_0,91810359
sm_Task-1068_ft_0,91810689
sm_Task-1079_ft_0,91810799
sm_Task-111_ft_0,9181119
sm_Task-1134_ft_0,91811349
sm_Task-1140_ft_0,91811409
sm_Task-1148_ft_0,91811489
sm_Task-1149_ft_0,91811499
sm_Task-1155_ft_0,91811559
sm_Task-1168_ft_0,91811689
sm_Task-1205_ft_0,91812059
sm_Task-1212_ft_0,91812129
sm_Task-123_ft_0,9181239
sm_Task-1256_ft_0,91812569
sm_Task-131_ft_0,9181319
sm_Task-1315_ft_0,91813159
sm_Task-1367_ft_0,91813679
sm_Task-1416_ft_0,91814169
sm_Task-1431_ft_0,91814319
sm_Task-1460_ft_0,91814609
sm_Task-1461_ft_0,91814619
sm_Task-1527_ft_0,91815279
sm_Task-1531_ft_0,91815319
sm_Task-1596_ft_0,91815969
sm_Task-1648_ft_0,91816489
sm_Task-1658_ft_0,91816589
sm_Task-1700_ft_0,91817009
sm_Task-1808_ft_0,91818089
sm_Task-1813_ft_0,91818139
sm_Task-1825_ft_0,91818259
sm_Task-1875_ft_0,91818759
sm_Task-1877_ft_0,91818779
sm_Task-1880_ft_0,91818809
sm_Task-1883_ft_0,91818839
sm_Task-190_ft_0,9181909
sm_Task-1900_ft_0,91819009
sm_Task-1901_ft_0,91819019
sm_Task-1902_ft_0,91819029
sm_Task-194_ft_0,9181949
sm_Task-295_ft_0,9182959
sm_Task-380_ft_0,9183809
sm_Task-4_ft_0,91849
sm_Task-462_ft_0,9184629
sm_Task-513_ft_0,9185139
sm_Task-664_ft_0,9186649
sm_Task-674_ft_0,9186749
sm_Task-708_ft_0,9187089
sm_Task-733_ft_0,9187339
sm_Task-734_ft_0,9187349
sm_Task-827_ft_0,9188279
sm_Task-87_ft_0,918879
sm_Task-919_ft_0,9189199
sm_Task-953_ft_0,9189539
sm_Task-984_ft_0,9189849
us_Task-1005_ft_0,98810059
us_Task-1009_ft_0,98810099
us_Task-119_ft_0,9881199
us_Task-1327_ft_0,98813279
us_Task-1329_ft_0,98813299
us_Task-1354_ft_0,98813549
us_Task-1419_ft_0,98814199
us_Task-1423_ft_0,98814239
us_Task-1446_ft_0,98814469
us_Task-1528_ft_0,98815289
us_Task-1531_ft_0,98815319
us_Task-1540_ft_0,98815409
us_Task-1541_ft_0,98815419
us_Task-1621_ft_0,98816219
us_Task-165_ft_0,9881659
us_Task-1805_ft_0,98818059
us_Task-1806_ft_0,98818069
us_Task-1807_ft_0,98818079
us_Task-1874_ft_0,98818749
us_Task-1888_ft_0,98818889
us_Task-1892_ft_0,98818929
us_Task-190_ft_0,9881909
us_Task-1907_ft_0,98819079
us_Task-1908_ft_0,98819089
us_Task-1909_ft_0,98819099
us_Task-1945_ft_0,98819459
us_Task-1999_ft_0,98819999
us_Task-205_ft_0,9882059
us_Task-2087_ft_0,98820879
us_Task-2116_ft_0,98821169
us_Task-2192_ft_0,98821929
us_Task-2210_ft_0,98822109
us_Task-2212_ft_0,98822129
us_Task-2213_ft_0,98822139
us_Task-2214_ft_0,98822149
us_Task-2353_ft_0,98823539
us_Task-2486_ft_0,98824869
us_Task-2491_ft_0,98824919
us_Task-2494_ft_0,98824949
us_Task-2523_ft_0,98825239
us_Task-2585_ft_0,98825859
us_Task-2725_ft_0,98827259
us_Task-2726_ft_0,98827269
us_Task-2727_ft_0,98827279
us_Task-2728_ft_0,98827289
us_Task-2729_ft_0,98827299
us_Task-2790_ft_0,98827909
us_Task-2861_ft_0,98828619
us_Task-2862_ft_0,98828629
us_Task-2863_ft_0,98828639
us_Task-2864_ft_0,98828649
us_Task-296_ft_0,9882969
us_Task-3008_ft_0,98830089
us_Task-3073_ft_0,98830739
us_Task-3107_ft_0,98831079
us_Task-3164_ft_0,98831649
us_Task-3198_ft_0,98831989
us_Task-320_ft_0,9883209
us_Task-3242_ft_0,98832429
us_Task-3396_ft_0,98833969
us_Task-3400_ft_0,98834009
us_Task-3428_ft_0,98834289
us_Task-3459_ft_0,98834599
us_Task-3468_ft_0,98834689
us_Task-3568_ft_0,98835689
us_Task-357_ft_0,9883579
us_Task-3744_ft_0,98837449
us_Task-3745_ft_0,98837459
us_Task-3747_ft_0,98837479
us_Task-3748_ft_0,98837489
us_Task-3775_ft_0,98837759
us_Task-423_ft_0,9884239
us_Task-488_ft_0,9884889
us_Task-489_ft_0,9884899
us_Task-49_ft_0,988499
us_Task-491_ft_0,9884919
us_Task-493_ft_0,9884939
us_Task-601_ft_0,9886019
us_Task-602_ft_0,9886029
us_Task-603_ft_0,9886039
us_Task-604_ft_0,9886049
us_Task-631_ft_0,9886319
us_Task-948_ft_0,9889489
a8_Task-1023_op0,32810230
a8_Task-1138_op0,32811380
a8_Task-1347_op0,32813470
a8_Task-1389_op0,32813890
a8_Task-1519_op0,32815190
a8_Task-1593_op0,32815930
a8_Task-1603_op0,32816030
a8_Task-1606_op0,32816060
a8_Task-1640_op0,32816400
a8_Task-1708_op0,32817080
a8_Task-1824_op0,32818240
a8_Task-1838_op0,32818380
a8_Task-1856_op0,32818560
a8_Task-188_op0,3281880
a8_Task-2018_op0,32820180
a8_Task-212_op0,3282120
a8_Task-2132_op0,32821320
a8_Task-2230_op0,32822300
a8_Task-2283_op0,32822830
a8_Task-2345_op0,32823450
a8_Task-2386_op0,32823860
a8_Task-2528_op0,32825280
a8_Task-2810_op0,32828100
a8_Task-2873_op0,32828730
a8_Task-2906_op0,32829060
a8_Task-2930_op0,32829300
a8_Task-3036_op0,32830360
a8_Task-306_op0,3283060
a8_Task-3168_op0,32831680
a8_Task-3240_op0,32832400
a8_Task-3303_op0,32833030
a8_Task-3315_op0,32833150
a8_Task-3567_op0,32835670
a8_Task-3638_op0,32836380
a8_Task-371_op0,3283710
a8_Task-3748_op0,32837480
a8_Task-3798_op0,32837980
a8_Task-3830_op0,32838300
a8_Task-3844_op0,32838440
a8_Task-530_op0,3285300
a8_Task-619_op0,3286190
a8_Task-637_op0,3286370
a8_Task-732_op0,3287320
a8_Task-828_op0,3288280
a9_Task-1027_op0,32910270
a9_Task-1116_op0,32911160
a9_Task-1128_op0,32911280
a9_Task-1129_op0,32911290
a9_Task-1249_op0,32912490
a9_Task-1302_op0,32913020
a9_Task-1514_op0,32915140
a9_Task-1794_op0,32917940
a9_Task-1889_op0,32918890
a9_Task-1900_op0,32919000
a9_Task-1957_op0,32919570
a9_Task-1958_op0,32919580
a9_Task-2063_op0,32920630
a9_Task-2211_op0,32922110
a9_Task-2327_op0,32923270
a9_Task-242_op0,3292420
a9_Task-3363_op0,32933630
a9_Task-3497_op0,32934970
a9_Task-3533_op0,32935330
a9_Task-3637_op0,32936370
a9_Task-626_op0,3296260
a9_Task-661_op0,3296610
a9_Task-717_op0,3297170
a9_Task-838_op0,3298380
bi_Task-101_op0,3701010
bi_Task-1013_op0,37010130
bi_Task-102_op0,3701020
bi_Task-1028_op0,37010280
bi_Task-103_op0,3701030
bi_Task-106_op0,3701060
bi_Task-107_op0,3701070
bi_Task-1078_op0,37010780
bi_Task-1091_op0,37010910
bi_Task-11_op0,370110
bi_Task-111_op0,3701110
bi_Task-1186_op0,37011860
bi_Task-119_op0,3701190
bi_Task-1209_op0,37012090
bi_Task-130_op0,3701300
bi_Task-1364_op0,37013640
bi_Task-1373_op0,37013730
bi_Task-1449_op0,37014490
bi_Task-1765_op0,37017650
bi_Task-1802_op0,37018020
bi_Task-1909_op0,37019090
bi_Task-2022_op0,37020220
bi_Task-2164_op0,37021640
bi_Task-2177_op0,37021770
bi_Task-22_op0,370220
bi_Task-2208_op0,37022080
bi_Task-2275_op0,37022750
bi_Task-2296_op0,37022960
bi_Task-2330_op0,37023300
bi_Task-2338_op0,37023380
bi_Task-2422_op0,37024220
bi_Task-245_op0,3702450
bi_Task-2452_op0,37024520
bi_Task-255_op0,3702550
bi_Task-2630_op0,37026300
bi_Task-2645_op0,37026450
bi_Task-2847_op0,37028470
bi_Task-2853_op0,37028530
bi_Task-2856_op0,37028560
bi_Task-2966_op0,37029660
bi_Task-2987_op0,37029870
bi_Task-317_op0,3703170
bi_Task-322_op0,3703220
bi_Task-3244_op0,37032440
bi_Task-3386_op0,37033860
bi_Task-3448_op0,37034480
bi_Task-3484_op0,37034840
bi_Task-3485_op0,37034850
bi_Task-3685_op0,37036850
bi_Task-3775_op0,37037750
bi_Task-3931_op0,37039310
bi_Task-41_op0,370410
bi_Task-512_op0,3705120
bi_Task-549_op0,3705490
bi_Task-641_op0,3706410
bi_Task-711_op0,3707110
bi_Task-724_op0,3707240
bi_Task-83_op0,370830
bi_Task-87_op0,370870
bi_Task-871_op0,3708710
bi_Task-90_op0,370900
bi_Task-92_op0,370920
bi_Task-94_op0,370940
bi_Task-95_op0,370950
bi_Task-97_op0,370970
bi_Task-989_op0,3709890
bi_Task-99_op0,370990
ch_Task-1_op0,40110
ch_Task-1064_op0,40110640
ch_Task-1065_op0,40110650
ch_Task-1067_op0,40110670
ch_Task-1078_op0,40110780
ch_Task-1079_op0,40110790
ch_Task-181_op0,4011810
ch_Task-1901_op0,40119010
ch_Task-1936_op0,40119360
ch_Task-2086_op0,40120860
ch_Task-2094_op0,40120940
ch_Task-2098_op0,40120980
ch_Task-2101_op0,40121010
ch_Task-2102_op0,40121020
ch_Task-2115_op0,40121150
ch_Task-2147_op0,40121470
ch_Task-2384_op0,40123840
ch_Task-2539_op0,40125390
ch_Task-2598_op0,40125980
ch_Task-2609_op0,40126090
ch_Task-2656_op0,40126560
ch_Task-2689_op0,40126890
ch_Task-2690_op0,40126900
ch_Task-2785_op0,40127850
ch_Task-2828_op0,40128280
ch_Task-2842_op0,40128420
ch_Task-3120_op0,40131200
ch_Task-3122_op0,40131220
ch_Task-3123_op0,40131230
ch_Task-3140_op0,40131400
ch_Task-3297_op0,40132970
ch_Task-3298_op0,40132980
ch_Task-3455_op0,40134550
ch_Task-3456_op0,40134560
ch_Task-3487_op0,40134870
ch_Task-3711_op0,40137110
ch_Task-420_op0,4014200
ch_Task-475_op0,4014750
ch_Task-686_op0,4016860
ch_Task-828_op0,4018280
de_Task-1_op0,43010
de_Task-1010_op0,43010100
de_Task-1140_op0,43011400
de_Task-1399_op0,43013990
de_Task-1419_op0,43014190
de_Task-1811_op0,43018110
de_Task-1891_op0,43018910
de_Task-2_op0,43020
de_Task-21_op0,430210
de_Task-2350_op0,43023500
de_Task-2423_op0,43024230
de_Task-25_op0,430250
de_Task-2883_op0,43028830
de_Task-337_op0,4303370
de_Task-3406_op0,43034060
de_Task-3588_op0,43035880
de_Task-3863_op0,43038630
de_Task-47_op0,430470
de_Task-5_op0,43050
de_Task-53_op0,430530
de_Task-6_op0,43060
de_Task-605_op0,4306050
de_Task-67_op0,430670
de_Task-676_op0,4306760
de_Task-852_op0,4308520
de_Task-980_op0,4309800
fo_Task-1229_op0,50412290
fo_Task-1396_op0,50413960
fo_Task-1397_op0,50413970
fo_Task-1475_op0,50414750
fo_Task-1488_op0,50414880
fo_Task-1543_op0,50415430
fo_Task-1554_op0,50415540
fo_Task-1667_op0,50416670
fo_Task-1693_op0,50416930
fo_Task-1760_op0,50417600
fo_Task-1858_op0,50418580
fo_Task-1868_op0,50418680
fo_Task-2391_op0,50423910
fo_Task-2455_op0,50424550
fo_Task-2694_op0,50426940
fo_Task-3409_op0,50434090
fo_Task-3508_op0,50435080
fo_Task-3631_op0,50436310
fo_Task-392_op0,5043920
fo_Task-438_op0,5044380
fo_Task-441_op0,5044410
fo_Task-474_op0,5044740
fo_Task-503_op0,5045030
fo_Task-578_op0,5045780
fo_Task-796_op0,5047960
fo_Task-984_op0,5049840
go_Task-1_op0,53610
go_Task-107_op0,5361070
go_Task-1174_op0,53611740
go_Task-1177_op0,53611770
go_Task-1183_op0,53611830
go_Task-1195_op0,53611950
go_Task-12_op0,536120
go_Task-1229_op0,53612290
go_Task-1297_op0,53612970
go_Task-1317_op0,53613170
go_Task-145_op0,5361450
go_Task-1504_op0,53615040
go_Task-1544_op0,53615440
go_Task-163_op0,5361630
go_Task-1644_op0,53616440
go_Task-1654_op0,53616540
go_Task-1694_op0,53616940
go_Task-1815_op0,53618150
go_Task-1851_op0,53618510
go_Task-192_op0,5361920
go_Task-1943_op0,53619430
go_Task-221_op0,5362210
go_Task-2241_op0,53622410
go_Task-2294_op0,53622940
go_Task-2574_op0,53625740
go_Task-260_op0,5362600
go_Task-2612_op0,53626120
go_Task-2699_op0,53626990
go_Task-276_op0,5362760
go_Task-292_op0,5362920
go_Task-316_op0,5363160
go_Task-3174_op0,53631740
go_Task-33_op0,536330
go_Task-3439_op0,53634390
go_Task-3519_op0,53635190
go_Task-3552_op0,53635520
go_Task-358_op0,5363580
go_Task-3584_op0,53635840
go_Task-3594_op0,53635940
go_Task-3597_op0,53635970
go_Task-3608_op0,53636080
go_Task-3633_op0,53636330
go_Task-3679_op0,53636790
go_Task-3687_op0,53636870
go_Task-3700_op0,53637000
go_Task-3706_op0,53637060
go_Task-3712_op0,53637120
go_Task-3715_op0,53637150
go_Task-3718_op0,53637180
go_Task-3729_op0,53637290
go_Task-3913_op0,53639130
go_Task-3957_op0,53639570
go_Task-3988_op0,53639880
go_Task-43_op0,536430
go_Task-625_op0,5366250
go_Task-63_op0,536630
go_Task-792_op0,5367920
go_Task-817_op0,5368170
go_Task-83_op0,536830
go_Task-870_op0,5368700
go_Task-9_op0,53690
go_Task-93_op0,536930
po_Task-2527_op0,82425270
po_Task-2543_op0,82425430
po_Task-2593_op0,82425930
po_Task-2629_op0,82426290
po_Task-2631_op0,82426310
po_Task-2684_op0,82426840
po_Task-2708_op0,82427080
po_Task-2739_op0,82427390
po_Task-2742_op0,82427420
po_Task-2763_op0,82427630
po_Task-2767_op0,82427670
po_Task-2845_op0,82428450
po_Task-2848_op0,82428480
po_Task-2849_op0,82428490
po_Task-2857_op0,82428570
po_Task-2861_op0,82428610
po_Task-2892_op0,82428920
po_Task-2971_op0,82429710
po_Task-2993_op0,82429930
po_Task-2998_op0,82429980
po_Task-3022_op0,82430220
po_Task-3025_op0,82430250
po_Task-3028_op0,82430280
po_Task-3044_op0,82430440
po_Task-3105_op0,82431050
po_Task-3111_op0,82431110
po_Task-3112_op0,82431120
po_Task-3141_op0,82431410
po_Task-3148_op0,82431480
po_Task-3171_op0,82431710
po_Task-3173_op0,82431730
po_Task-3185_op0,82431850
po_Task-3227_op0,82432270
po_Task-3228_op0,82432280
po_Task-3229_op0,82432290
po_Task-3231_op0,82432310
po_Task-3232_op0,82432320
po_Task-3281_op0,82432810
po_Task-3333_op0,82433330
po_Task-3356_op0,82433560
po_Task-3362_op0,82433620
po_Task-3365_op0,82433650
po_Task-3376_op0,82433760
po_Task-3429_op0,82434290
po_Task-3471_op0,82434710
po_Task-3472_op0,82434720
po_Task-3489_op0,82434890
po_Task-3499_op0,82434990
po_Task-3515_op0,82435150
po_Task-3570_op0,82435700
po_Task-3606_op0,82436060
po_Task-3629_op0,82436290
po_Task-3731_op0,82437310
po_Task-3785_op0,82437850
po_Task-3878_op0,82438780
po_Task-3879_op0,82438790
po_Task-3882_op0,82438820
po_Task-3892_op0,82438920
po_Task-3934_op0,82439340
po_Task-3950_op0,82439500
po_Task-3956_op0,82439560
po_Task-3966_op0,82439660
sm_Task-1035_op0,91810350
sm_Task-1068_op0,91810680
sm_Task-1079_op0,91810790
sm_Task-111_op0,9181110
sm_Task-1134_op0,91811340
sm_Task-1140_op0,91811400
sm_Task-1148_op0,91811480
sm_Task-1149_op0,91811490
sm_Task-1155_op0,91811550
sm_Task-1168_op0,91811680
sm_Task-1205_op0,91812050
sm_Task-1212_op0,91812120
sm_Task-123_op0,9181230
sm_Task-1256_op0,91812560
sm_Task-131_op0,9181310
sm_Task-1315_op0,91813150
sm_Task-1367_op0,91813670
sm_Task-1416_op0,91814160
sm_Task-1431_op0,91814310
sm_Task-1460_op0,91814600
sm_Task-1461_op0,91814610
sm_Task-1527_op0,91815270
sm_Task-1531_op0,91815310
sm_Task-1596_op0,91815960
sm_Task-1648_op0,91816480
sm_Task-1658_op0,91816580
sm_Task-1700_op0,91817000
sm_Task-1808_op0,91818080
sm_Task-1813_op0,91818130
sm_Task-1825_op0,91818250
sm_Task-1875_op0,91818750
sm_Task-1877_op0,91818770
sm_Task-1880_op0,91818800
sm_Task-1883_op0,91818830
sm_Task-190_op0,9181900
sm_Task-1900_op0,91819000
sm_Task-1901_op0,91819010
sm_Task-1902_op0,91819020
sm_Task-194_op0,9181940
sm_Task-295_op0,9182950
sm_Task-380_op0,9183800
sm_Task-4_op0,91840
sm_Task-462_op0,9184620
sm_Task-513_op0,9185130
sm_Task-664_op0,9186640
sm_Task-674_op0,9186740
sm_Task-708_op0,9187080
sm_Task-733_op0,9187330
sm_Task-734_op0,9187340
sm_Task-827_op0,9188270
sm_Task-87_op0,918870
sm_Task-919_op0,9189190
sm_Task-953_op0,9189530
sm_Task-984_op0,9189840
so_Task-1000_op0,92010000
so_Task-1062_op0,92010620
so_Task-1341_op0,92013410
so_Task-1367_op0,92013670
so_Task-1370_op0,92013700
so_Task-1420_op0,92014200
so_Task-1555_op0,92015550
so_Task-1596_op0,92015960
so_Task-1747_op0,92017470
so_Task-1769_op0,92017690
so_Task-1789_op0,92017890
so_Task-181_op0,9201810
so_Task-1812_op0,92018120
so_Task-1817_op0,92018170
so_Task-1879_op0,92018790
so_Task-1911_op0,92019110
so_Task-2040_op0,92020400
so_Task-2070_op0,92020700
so_Task-2184_op0,92021840
so_Task-2699_op0,92026990
so_Task-2821_op0,92028210
so_Task-2966_op0,92029660
so_Task-304_op0,9203040
so_Task-3346_op0,92033460
so_Task-3397_op0,92033970
so_Task-3575_op0,92035750
so_Task-3615_op0,92036150
so_Task-3937_op0,92039370
so_Task-3955_op0,92039550
so_Task-686_op0,9206860
so_Task-795_op0,9207950
so_Task-801_op0,9208010
so_Task-806_op0,9208060
so_Task-807_op0,9208070
so_Task-93_op0,920930
so_Task-942_op0,9209420
us_Task-1005_op0,98810050
us_Task-1009_op0,98810090
us_Task-119_op0,9881190
us_Task-1327_op0,98813270
us_Task-1329_op0,98813290
us_Task-1354_op0,98813540
us_Task-1419_op0,98814190
us_Task-1423_op0,98814230
us_Task-1446_op0,98814460
us_Task-1528_op0,98815280
us_Task-1531_op0,98815310
us_Task-1540_op0,98815400
us_Task-1541_op0,98815410
us_Task-1621_op0,98816210
us_Task-165_op0,9881650
us_Task-1805_op0,98818050
us_Task-1806_op0,98818060
us_Task-1807_op0,98818070
us_Task-1874_op0,98818740
us_Task-1888_op0,98818880
us_Task-1892_op0,98818920
us_Task-190_op0,9881900
us_Task-1907_op0,98819070
us_Task-1908_op0,98819080
us_Task-1909_op0,98819090
us_Task-1945_op0,98819450
us_Task-1999_op0,98819990
us_Task-205_op0,9882050
us_Task-2087_op0,98820870
us_Task-2116_op0,98821160
us_Task-2192_op0,98821920
us_Task-2210_op0,98822100
us_Task-2212_op0,98822120
us_Task-2213_op0,98822130
us_Task-2214_op0,98822140
us_Task-2353_op0,98823530
us_Task-2486_op0,98824860
us_Task-2491_op0,98824910
us_Task-2494_op0,98824940
us_Task-2523_op0,98825230
us_Task-2585_op0,98825850
us_Task-2725_op0,98827250
us_Task-2726_op0,98827260
us_Task-2727_op0,98827270
us_Task-2728_op0,98827280
us_Task-2729_op0,98827290
us_Task-2790_op0,98827900
us_Task-2861_op0,98828610
us_Task-2862_op0,98828620
us_Task-2863_op0,98828630
us_Task-2864_op0,98828640
us_Task-296_op0,9882960
us_Task-3008_op0,98830080
us_Task-3073_op0,98830730
us_Task-3107_op0,98831070
us_Task-3164_op0,98831640
us_Task-3198_op0,98831980
us_Task-320_op0,9883200
us_Task-3242_op0,98832420
us_Task-3396_op0,98833960
us_Task-3400_op0,98834000
us_Task-3428_op0,98834280
us_Task-3459_op0,98834590
us_Task-3468_op0,98834680
us_Task-3568_op0,98835680
us_Task-357_op0,9883570
us_Task-3744_op0,98837440
us_Task-3745_op0,98837450
us_Task-3747_op0,98837470
us_Task-3748_op0,98837480
us_Task-3775_op0,98837750
us_Task-423_op0,9884230
us_Task-488_op0,9884880
us_Task-489_op0,9884890
us_Task-49_op0,988490
us_Task-491_op0,9884910
us_Task-493_op0,9884930
us_Task-601_op0,9886010
us_Task-602_op0,9886020
us_Task-603_op0,9886030
us_Task-604_op0,9886040
us_Task-631_op0,9886310
us_Task-948_op0,9889480
a8_Task-1023_op1,32810231
a8_Task-1138_op1,32811381
a8_Task-1347_op1,32813471
a8_Task-1389_op1,32813891
a8_Task-1519_op1,32815191
a8_Task-1593_op1,32815931
a8_Task-1603_op1,32816031
a8_Task-1606_op1,32816061
a8_Task-1640_op1,32816401
a8_Task-1708_op1,32817081
a8_Task-1824_op1,32818241
a8_Task-1838_op1,32818381
a8_Task-1856_op1,32818561
a8_Task-188_op1,3281881
a8_Task-2018_op1,32820181
a8_Task-212_op1,3282121
a8_Task-2132_op1,32821321
a8_Task-2230_op1,32822301
a8_Task-2283_op1,32822831
a8_Task-2345_op1,32823451
a8_Task-2386_op1,32823861
a8_Task-2528_op1,32825281
a8_Task-2810_op1,32828101
a8_Task-2873_op1,32828731
a8_Task-2906_op1,32829061
a8_Task-2930_op1,32829301
a8_Task-3036_op1,32830361
a8_Task-306_op1,3283061
a8_Task-3168_op1,32831681
a8_Task-3240_op1,32832401
a8_Task-3303_op1,32833031
a8_Task-3315_op1,32833151
a8_Task-3567_op1,32835671
a8_Task-3638_op1,32836381
a8_Task-371_op1,3283711
a8_Task-3748_op1,32837481
a8_Task-3798_op1,32837981
a8_Task-3830_op1,32838301
a8_Task-3844_op1,32838441
a8_Task-530_op1,3285301
a8_Task-619_op1,3286191
a8_Task-637_op1,3286371
a8_Task-732_op1,3287321
a8_Task-828_op1,3288281
bi_Task-101_op1,3701011
bi_Task-1013_op1,37010131
bi_Task-102_op1,3701021
bi_Task-1028_op1,37010281
bi_Task-103_op1,3701031
bi_Task-106_op1,3701061
bi_Task-107_op1,3701071
bi_Task-1078_op1,37010781
bi_Task-1091_op1,37010911
bi_Task-11_op1,370111
bi_Task-111_op1,3701111
bi_Task-1186_op1,37011861
bi_Task-119_op1,3701191
bi_Task-1209_op1,37012091
bi_Task-130_op1,3701301
bi_Task-1364_op1,37013641
bi_Task-1373_op1,37013731
bi_Task-1449_op1,37014491
bi_Task-1765_op1,37017651
bi_Task-1802_op1,37018021
bi_Task-1909_op1,37019091
bi_Task-2022_op1,37020221
bi_Task-2164_op1,37021641
bi_Task-2177_op1,37021771
bi_Task-22_op1,370221
bi_Task-2208_op1,37022081
bi_Task-2275_op1,37022751
bi_Task-2296_op1,37022961
bi_Task-2330_op1,37023301
bi_Task-2338_op1,37023381
bi_Task-2422_op1,37024221
bi_Task-245_op1,3702451
bi_Task-2452_op1,37024521
bi_Task-255_op1,3702551
bi_Task-2630_op1,37026301
bi_Task-2645_op1,37026451
bi_Task-2847_op1,37028471
bi_Task-2853_op1,37028531
bi_Task-2856_op1,37028561
bi_Task-2966_op1,37029661
bi_Task-2987_op1,37029871
bi_Task-317_op1,3703171
bi_Task-322_op1,3703221
bi_Task-3244_op1,37032441
bi_Task-3386_op1,37033861
bi_Task-3448_op1,37034481
bi_Task-3484_op1,37034841
bi_Task-3485_op1,37034851
bi_Task-3685_op1,37036851
bi_Task-3775_op1,37037751
bi_Task-3931_op1,37039311
bi_Task-41_op1,370411
bi_Task-512_op1,3705121
bi_Task-549_op1,3705491
bi_Task-641_op1,3706411
bi_Task-711_op1,3707111
bi_Task-724_op1,3707241
bi_Task-83_op1,370831
bi_Task-87_op1,370871
bi_Task-871_op1,3708711
bi_Task-90_op1,370901
bi_Task-92_op1,370921
bi_Task-94_op1,370941
bi_Task-95_op1,370951
bi_Task-97_op1,370971
bi_Task-989_op1,3709891
bi_Task-99_op1,370991
go_Task-1_op1,53611
go_Task-107_op1,5361071
go_Task-1174_op1,53611741
go_Task-1177_op1,53611771
go_Task-1183_op1,53611831
go_Task-1195_op1,53611951
go_Task-12_op1,536121
go_Task-1229_op1,53612291
go_Task-1297_op1,53612971
go_Task-1317_op1,53613171
go_Task-145_op1,5361451
go_Task-1504_op1,53615041
go_Task-1544_op1,53615441
go_Task-163_op1,5361631
go_Task-1644_op1,53616441
go_Task-1654_op1,53616541
go_Task-1694_op1,53616941
go_Task-1815_op1,53618151
go_Task-1851_op1,53618511
go_Task-192_op1,5361921
go_Task-1943_op1,53619431
go_Task-221_op1,5362211
go_Task-2241_op1,53622411
go_Task-2294_op1,53622941
go_Task-2574_op1,53625741
go_Task-260_op1,5362601
go_Task-2612_op1,53626121
go_Task-2699_op1,53626991
go_Task-276_op1,5362761
go_Task-292_op1,5362921
go_Task-316_op1,5363161
go_Task-3174_op1,53631741
go_Task-33_op1,536331
go_Task-3439_op1,53634391
go_Task-3519_op1,53635191
go_Task-3552_op1,53635521
go_Task-358_op1,5363581
go_Task-3584_op1,53635841
go_Task-3594_op1,53635941
go_Task-3597_op1,53635971
go_Task-3608_op1,53636081
go_Task-3633_op1,53636331
go_Task-3679_op1,53636791
go_Task-3687_op1,53636871
go_Task-3700_op1,53637001
go_Task-3706_op1,53637061
go_Task-3712_op1,53637121
go_Task-3715_op1,53637151
go_Task-3718_op1,53637181
go_Task-3729_op1,53637291
go_Task-3913_op1,53639131
go_Task-3957_op1,53639571
go_Task-3988_op1,53639881
go_Task-43_op1,536431
go_Task-625_op1,5366251
go_Task-63_op1,536631
go_Task-792_op1,5367921
go_Task-817_op1,5368171
go_Task-83_op1,536831
go_Task-870_op1,5368701
go_Task-9_op1,53691
go_Task-93_op1,536931
po_Task-2527_op1,82425271
po_Task-2543_op1,82425431
po_Task-2593_op1,82425931
po_Task-2629_op1,82426291
po_Task-2631_op1,82426311
po_Task-2684_op1,82426841
po_Task-2708_op1,82427081
po_Task-2739_op1,82427391
po_Task-2742_op1,82427421
po_Task-2763_op1,82427631
po_Task-2767_op1,82427671
po_Task-2845_op1,82428451
po_Task-2848_op1,82428481
po_Task-2849_op1,82428491
po_Task-2857_op1,82428571
po_Task-2861_op1,82428611
po_Task-2892_op1,82428921
po_Task-2971_op1,82429711
po_Task-2993_op1,82429931
po_Task-2998_op1,82429981
po_Task-3022_op1,82430221
po_Task-3025_op1,82430251
po_Task-3028_op1,82430281
po_Task-3044_op1,82430441
po_Task-3105_op1,82431051
po_Task-3111_op1,82431111
po_Task-3112_op1,82431121
po_Task-3141_op1,82431411
po_Task-3148_op1,82431481
po_Task-3171_op1,82431711
po_Task-3173_op1,82431731
po_Task-3185_op1,82431851
po_Task-3227_op1,82432271
po_Task-3228_op1,82432281
po_Task-3229_op1,82432291
po_Task-3231_op1,82432311
po_Task-3232_op1,82432321
po_Task-3281_op1,82432811
po_Task-3333_op1,82433331
po_Task-3356_op1,82433561
po_Task-3362_op1,82433621
po_Task-3365_op1,82433651
po_Task-3376_op1,82433761
po_Task-3429_op1,82434291
po_Task-3471_op1,82434711
po_Task-3472_op1,82434721
po_Task-3489_op1,82434891
po_Task-3499_op1,82434991
po_Task-3515_op1,82435151
po_Task-3570_op1,82435701
po_Task-3606_op1,82436061
po_Task-3629_op1,82436291
po_Task-3731_op1,82437311
po_Task-3785_op1,82437851
po_Task-3878_op1,82438781
po_Task-3879_op1,82438791
po_Task-3882_op1,82438821
po_Task-3892_op1,82438921
po_Task-3934_op1,82439341
po_Task-3950_op1,82439501
po_Task-3956_op1,82439561
po_Task-3966_op1,82439661
a8_Task-1023_op2,32810232
a8_Task-1138_op2,32811382
a8_Task-1347_op2,32813472
a8_Task-1389_op2,32813892
a8_Task-1519_op2,32815192
a8_Task-1593_op2,32815932
a8_Task-1603_op2,32816032
a8_Task-1606_op2,32816062
a8_Task-1640_op2,32816402
a8_Task-1708_op2,32817082
a8_Task-1824_op2,32818242
a8_Task-1838_op2,32818382
a8_Task-1856_op2,32818562
a8_Task-188_op2,3281882
a8_Task-2018_op2,32820182
a8_Task-212_op2,3282122
a8_Task-2132_op2,32821322
a8_Task-2230_op2,32822302
a8_Task-2283_op2,32822832
a8_Task-2345_op2,32823452
a8_Task-2386_op2,32823862
a8_Task-2528_op2,32825282
a8_Task-2810_op2,32828102
a8_Task-2873_op2,32828732
a8_Task-2906_op2,32829062
a8_Task-2930_op2,32829302
a8_Task-3036_op2,32830362
a8_Task-306_op2,3283062
a8_Task-3168_op2,32831682
a8_Task-3240_op2,32832402
a8_Task-3303_op2,32833032
a8_Task-3315_op2,32833152
a8_Task-3567_op2,32835672
a8_Task-3638_op2,32836382
a8_Task-371_op2,3283712
a8_Task-3748_op2,32837482
a8_Task-3798_op2,32837982
a8_Task-3830_op2,32838302
a8_Task-3844_op2,32838442
a8_Task-530_op2,3285302
a8_Task-619_op2,3286192
a8_Task-637_op2,3286372
a8_Task-732_op2,3287322
a8_Task-828_op2,3288282
go_Task-1_op2,53612
go_Task-107_op2,5361072
go_Task-1174_op2,53611742
go_Task-1177_op2,53611772
go_Task-1183_op2,53611832
go_Task-1195_op2,53611952
go_Task-12_op2,536122
go_Task-1229_op2,53612292
go_Task-1297_op2,53612972
go_Task-1317_op2,53613172
go_Task-145_op2,5361452
go_Task-1504_op2,53615042
go_Task-1544_op2,53615442
go_Task-163_op2,5361632
go_Task-1644_op2,53616442
go_Task-1654_op2,53616542
go_Task-1694_op2,53616942
go_Task-1815_op2,53618152
go_Task-1851_op2,53618512
go_Task-192_op2,5361922
go_Task-1943_op2,53619432
go_Task-221_op2,5362212
go_Task-2241_op2,53622412
go_Task-2294_op2,53622942
go_Task-2574_op2,53625742
go_Task-260_op2,5362602
go_Task-2612_op2,53626122
go_Task-2699_op2,53626992
go_Task-276_op2,5362762
go_Task-292_op2,5362922
go_Task-316_op2,5363162
go_Task-3174_op2,53631742
go_Task-33_op2,536332
go_Task-3439_op2,53634392
go_Task-3519_op2,53635192
go_Task-3552_op2,53635522
go_Task-358_op2,5363582
go_Task-3584_op2,53635842
go_Task-3594_op2,53635942
go_Task-3597_op2,53635972
go_Task-3608_op2,53636082
go_Task-3633_op2,53636332
go_Task-3679_op2,53636792
go_Task-3687_op2,53636872
go_Task-3700_op2,53637002
go_Task-3706_op2,53637062
go_Task-3712_op2,53637122
go_Task-3715_op2,53637152
go_Task-3718_op2,53637182
go_Task-3729_op2,53637292
go_Task-3913_op2,53639132
go_Task-3957_op2,53639572
go_Task-3988_op2,53639882
go_Task-43_op2,536432
go_Task-625_op2,5366252
go_Task-63_op2,536632
go_Task-792_op2,5367922
go_Task-817_op2,5368172
go_Task-83_op2,536832
go_Task-870_op2,5368702
go_Task-9_op2,53692
go_Task-93_op2,536932
po_Task-2527_op2,82425272
po_Task-2543_op2,82425432
po_Task-2593_op2,82425932
po_Task-2629_op2,82426292
po_Task-2631_op2,82426312
po_Task-2684_op2,82426842
po_Task-2708_op2,82427082
po_Task-2739_op2,82427392
po_Task-2742_op2,82427422
po_Task-2763_op2,82427632
po_Task-2767_op2,82427672
po_Task-2845_op2,82428452
po_Task-2848_op2,82428482
po_Task-2849_op2,82428492
po_Task-2857_op2,82428572
po_Task-2861_op2,82428612
po_Task-2892_op2,82428922
po_Task-2971_op2,82429712
po_Task-2993_op2,82429932
po_Task-2998_op2,82429982
po_Task-3022_op2,82430222
po_Task-3025_op2,82430252
po_Task-3028_op2,82430282
po_Task-3044_op2,82430442
po_Task-3105_op2,82431052
po_Task-3111_op2,82431112
po_Task-3112_op2,82431122
po_Task-3141_op2,82431412
po_Task-3148_op2,82431482
po_Task-3171_op2,82431712
po_Task-3173_op2,82431732
po_Task-3185_op2,82431852
po_Task-3227_op2,82432272
po_Task-3228_op2,82432282
po_Task-3229_op2,82432292
po_Task-3231_op2,82432312
po_Task-3232_op2,82432322
po_Task-3281_op2,82432812
po_Task-3333_op2,82433332
po_Task-3356_op2,82433562
po_Task-3362_op2,82433622
po_Task-3365_op2,82433652
po_Task-3376_op2,82433762
po_Task-3429_op2,82434292
po_Task-3471_op2,82434712
po_Task-3472_op2,82434722
po_Task-3489_op2,82434892
po_Task-3499_op2,82434992
po_Task-3515_op2,82435152
po_Task-3570_op2,82435702
po_Task-3606_op2,82436062
po_Task-3629_op2,82436292
po_Task-3731_op2,82437312
po_Task-3785_op2,82437852
po_Task-3878_op2,82438782
po_Task-3879_op2,82438792
po_Task-3882_op2,82438822
po_Task-3892_op2,82438922
po_Task-3934_op2,82439342
po_Task-3950_op2,82439502
po_Task-3956_op2,82439562
po_Task-3966_op2,82439662
po_Task-2849_ft_0,82439669
